{"accuracy": [0.3303523659706116, 0.5032033920288086, 0.6095835566520691, 0.6751201152801514, 0.7335824966430664, 0.7790976762771606, 0.8184730410575867, 0.8506406545639038, 0.872130274772644, 0.8997597694396973, 0.9171115756034851, 0.9281900525093079, 0.9408702850341797, 0.9379338026046753, 0.9590229392051697, 0.9596903324127197, 0.9546182751655579, 0.9680992960929871, 0.9675654172897339, 0.9729044437408447, 0.9723705053329468, 0.9714362025260925, 0.9749065637588501, 0.980379045009613, 0.9762413501739502, 0.9769086837768555, 0.9866524338722229, 0.9778430461883545, 0.987720251083374, 0.981580376625061, 0.9827816486358643, 0.9839829206466675, 0.9826481342315674, 0.9862520098686218, 0.9846503138542175], "loss": [1.857606291770935, 1.3938995599746704, 1.126196026802063, 0.932284951210022, 0.7793205976486206, 0.6522839069366455, 0.5351513624191284, 0.4424690902233124, 0.37235918641090393, 0.31275683641433716, 0.24693726003170013, 0.20799186825752258, 0.174300417304039, 0.1773321032524109, 0.12985466420650482, 0.12312089651823044, 0.1306583285331726, 0.09725405275821686, 0.09389907866716385, 0.09092418104410172, 0.08318009972572327, 0.08450577408075333, 0.08338972181081772, 0.05754972621798515, 0.07847676426172256, 0.07061133533716202, 0.04165104404091835, 0.07698436826467514, 0.03972369432449341, 0.06268219649791718, 0.05434500426054001, 0.047655533999204636, 0.056453023105859756, 0.046942826360464096, 0.054533109068870544], "val_accuracy": [0.43514811992645264, 0.5968775153160095, 0.6629303693771362, 0.7029623985290527, 0.7626100778579712, 0.7854283452033997, 0.7974379658699036, 0.8390712738037109, 0.833867073059082, 0.8278622627258301, 0.8438751101493835, 0.8342674374580383, 0.8610888719558716, 0.8690952658653259, 0.8783026337623596, 0.8578863143920898, 0.8791033029556274, 0.8706965446472168, 0.8843074440956116, 0.8755003809928894, 0.8811048865318298, 0.8182545900344849, 0.9031224846839905, 0.8871096968650818, 0.9031224846839905, 0.8943154811859131, 0.8891112804412842, 0.8871096968650818, 0.8935148119926453, 0.879503607749939, 0.8867093920707703, 0.8943154811859131, 0.8971176743507385, 0.8915132284164429, 0.902722179889679], "val_loss": [1.5132538080215454, 1.1594622135162354, 0.9578044414520264, 0.8400296568870544, 0.6945144534111023, 0.6228007078170776, 0.6017872095108032, 0.5235353112220764, 0.5414193272590637, 0.534282922744751, 0.5158692598342896, 0.5242758393287659, 0.4698181450366974, 0.46884748339653015, 0.4312436878681183, 0.554096519947052, 0.4232116639614105, 0.5206125974655151, 0.4544861614704132, 0.5032930374145508, 0.4571627080440521, 0.8760960698127747, 0.3871963918209076, 0.48371973633766174, 0.42382100224494934, 0.43303418159484863, 0.5176331996917725, 0.4198593199253082, 0.4507405161857605, 0.6108619570732117, 0.48333656787872314, 0.538063645362854, 0.4265820384025574, 0.5005722641944885, 0.4501740634441376]}